Created,Name,Email address,Source,Form,Channel,Stage,Owner,Labels,Phone,Secondary phone number,WhatsApp number
06/24/2026 10:55am,Sudhir Uttekar,Sudhiruttekar@rediffmail.com,Paid,Admission form,Email address,Intake,Unassigned,,+919326347852,,
06/24/2026 10:38am,atulbhau gundal,atulgundal27@gmail.com,Paid,Admission form,Email address,Intake,Unassigned,,+919822920459,,
06/24/2026 10:17am,Rudra Pramod Patil,llk12457@gmail.com,Paid,Admission form,Email address,Intake,Unassigned,,+919967959777,,
06/24/2026 10:16am,Arun Jadhav1046,arunjadhav9278@gmail.com,Paid,Admission form,Email address,Intake,Unassigned,,+919689455303,,
06/24/2026 9:47am,Digamber Ramesh Raypure,drrmku@gmail.com,Paid,Admission form,Email address,Intake,Unassigned,,+918390127027,,
06/24/2026 8:57am,Jagdish Pawar,jagdishpawar2780@gmail.com,Paid,Admission form,Email address,Intake,Unassigned,,+919545596920,,
06/24/2026 8:23am,Habib Shaha,habibshaha97@gmail.com,Paid,Admission form,Email address,Intake,Unassigned,,+919673738027,,
06/24/2026 8:14am,Vishwas Ahire,avishwas76@gmail.com,Paid,Admission form,Email address,Intake,Unassigned,,+917620778185,,
06/24/2026 7:51am,Vaishnavi Nadkar,bhaskarnadkar@gmail.com,Paid,Admission form,Email address,Intake,Unassigned,,+917620046065,,
06/24/2026 7:27am,Arun Garje,sir.arun.garje@gmail.com,Paid,Admission form,Email address,Intake,Unassigned,,+919890138593,,
06/24/2026 7:14am,Rajiv Pimple,rajivpimple1977@gmail.com,Paid,Admission form,Email address,Intake,Unassigned,,+919421327575,,
06/24/2026 6:41am,Kantu Rathod,kanturathod269@gmail.com,Paid,Admission form,Email address,Intake,Unassigned,,+919767264484,,
06/24/2026 5:46am,Balaji Devangare,balajidevangare@rediffmail.com,Paid,Admission form,Email address,Intake,Unassigned,,+919552159631,,
06/24/2026 5:43am,Pravin Pawar,pravinpawar890027@gmail.com,Paid,Admission form,Email address,Intake,Unassigned,,+918793250655,,
06/24/2026 5:31am,Arsalan,akbark20582@gmail.com,Paid,Admission form,Email address,Intake,Unassigned,,+918055971871,,
06/24/2026 5:04am,Narayan Pratap Singh,,Paid,MBBS In Russia,Phone number,Intake,Unassigned,,+919399597470,,
06/24/2026 5:01am,Ram Purohit,,Paid,MBBS In Russia,Phone number,Intake,Unassigned,,+919321441102,,
06/24/2026 4:59am,chhagan pol,chhaganpol69@gmail.com,Paid,Admission form,Email address,Intake,Unassigned,,+918788341721,,
06/24/2026 4:39am,Sushant C Bhagwat,,Paid,MBBS In Russia,Phone number,Intake,Unassigned,,8007707008,,
06/24/2026 4:32am,Jalindar More,jalandar.more@rediffmail.com,Paid,Admission form,Email address,Intake,Unassigned,,+9109820104168,,
06/24/2026 4:14am,Suresh Rewatkar,sbrewatkar@gmail.com,Paid,Admission form,Email address,Intake,Unassigned,,+919421733100,,
06/24/2026 4:09am,Shirish Jadhav,sjjayhari@gmail.com,Paid,Admission form,Email address,Intake,Unassigned,,+919823154317,,
06/24/2026 3:42am,Krishna Sinha,krs1800@gmail.com,Paid,Admission form,Email address,Intake,Unassigned,,+919284614735,,
06/24/2026 3:38am,Anil Joshi,,Paid,MBBS In Russia,Phone number,Intake,Unassigned,,+919309548593,,
06/24/2026 3:19am,Amol Kolse,amolkolse6@gmail.com,Paid,Admission form,Email address,Intake,Unassigned,,+919356643632,,
06/24/2026 3:12am,bhumika Gaikwad,gaikwadbhumika158@gmail.com,Paid,Admission form,Email address,Intake,Unassigned,,+919960382315,,
06/24/2026 2:58am,SALONI.!,,Paid,MBBS In Russia,Phone number,Intake,Unassigned,,+919209403135,,
06/24/2026 2:52am,Madhukar Munde,mundemadhukar2@gmail.com,Paid,Admission form,Email address,Intake,Unassigned,,+919370805697,,
06/24/2026 2:42am,Appasaheb Kokitkar,,Paid,MBBS In Russia,Phone number,Intake,Unassigned,,+919764105863,,
06/24/2026 2:25am,Pranay natha shewale,nathas1981@gmail.com,Paid,Admission form,Email address,Intake,Unassigned,,+917798489775,,
06/24/2026 2:19am,balasaheb  changadeo Jadhav,balasahebjadhav368@gmail.com,Paid,Admission form,Email address,Intake,Unassigned,,+919881232349,,
06/24/2026 1:45am,Dharam Dev,,Paid,MBBS In Russia,Phone number,Intake,Unassigned,,+919041423869,,
06/24/2026 12:36am,Sujata vijay Rupanavar,sujatarupnavar69@gmail.com,Paid,Admission form,Email address,Intake,Unassigned,,7397923243,,
06/24/2026 12:19am,Rajdatta Rasolgikar,dnyanudire588@gmail.com,Paid,Admission form,Email address,Intake,Unassigned,,+919604844236,,
06/23/2026 11:50pm,Sambhaji__Khune,khunenarayan3@gmail.com,Paid,Admission form,Email address,Intake,Unassigned,,+918888651351,,
06/23/2026 11:46pm,Shri Maha Swami,,Paid,MBBS In Russia,Phone number,Intake,Unassigned,,+918999181809,,
06/23/2026 11:27pm,Shashikant Bharati,,Paid,MBBS In Russia,Phone number,Intake,Unassigned,,+917588893499,,
06/23/2026 11:26pm,omzaware,Om@gmail.com,Paid,Admission form,Email address,Intake,Unassigned,,+919689700303,,
06/23/2026 11:23pm,Shyamsundar Maheta,mehtasyamsunder@gma.com,Paid,Admission form,Email address,Intake,Unassigned,,+917541803955,,
06/23/2026 10:36pm,Ravindra Pednekar,ravindra.pednekar6694@gmail.com,Paid,Admission form,Email address,Intake,Unassigned,,+918805586694,,
06/23/2026 10:12pm,Chandan Vishwkarma,chandanv5785@gmail.com,Paid,Admission form,Email address,Intake,Unassigned,,+918975515863,,
06/23/2026 9:59pm,Hanmant Lute,hglute@gmail.com,Paid,Admission form,Email address,Intake,Unassigned,,+919422174579,,
06/23/2026 8:51pm,Mahendra Sarode,mahadrasarode123@gmail.com,Paid,Admission form,Email address,Intake,Unassigned,,9850155802,,
06/23/2026 8:50pm,युवराज जोशी,,Paid,MBBS In Russia,Phone number,Intake,Unassigned,,+919096454062,,
06/23/2026 8:21pm,युवराज जोशी,joshiy1975@gmail.com,Paid,Admission form,Email address,Intake,Unassigned,,+919096454062,,
06/23/2026 8:06pm,Ashok Gupta,yashgupta@gmail.com,Paid,Admission form,Email address,Intake,Unassigned,,+919594444686,,
06/23/2026 7:13pm,Bharat Rathod,,Paid,MBBS In Russia,Phone number,Intake,Unassigned,,+919359226016,,
06/23/2026 7:04pm,Amol Joshi,amolratanakarjoshi1@gmail.com,Paid,Admission form,Email address,Intake,Unassigned,,+919420313151,,
06/23/2026 6:58pm,bahid7fg,,Paid,MBBS In Russia,,Intake,Unassigned,,,,
06/23/2026 5:17pm,Sanjay vasudev dahatonde,sanjaydahatondepatil@gimel.com,Paid,Admission form,Email address,Intake,Unassigned,,+919922746936,,
06/23/2026 4:25pm,संतोष झोळ,santoshzol90@gmail.com,Paid,Admission form,Email address,Intake,Unassigned,,+918180026600,,
06/23/2026 12:46pm,Shivshankar Lakhiya,shivlakhiya19761@gmail.com,Paid,Admission form,Email address,Intake,Unassigned,,+919423614091,,
06/23/2026 11:53am,SAIF,kapshikars@gmail.com,Paid,Admission form,Email address,Intake,Unassigned,,+971565737294,,
06/23/2026 11:39am,Jaid Ajaj Patel,patelajaj3@gmail.com,Paid,Admission form,Email address,Intake,Unassigned,,+919766865859,,